Code,Name,TradeVolume,TradeValue,OpeningPrice,HighestPrice,LowestPrice,ClosingPrice,Change,Transaction
1101,台泥,6516645.0,219571178.0,33.8,33.85,33.55,33.55,-0.15,4275.0
1102,亞泥,5840339.0,246328609.0,42.5,42.5,41.9,42.5,-0.2,2889.0
1103,嘉泥,118231.0,2116014.0,17.9,17.95,17.8,17.95,0.05,175.0
1104,環泥,156596.0,4590276.0,29.3,29.45,29.2,29.3,-0.05,193.0
1108,幸福,353209.0,5137676.0,14.5,14.6,14.5,14.6,0.1,93.0
1109,信大,148253.0,2743948.0,18.5,18.55,18.45,18.45,-0.05,111.0
1110,東泥,256288.0,5413342.0,21.0,21.3,20.9,21.05,0.0,129.0
1201,味全,123591.0,2257189.0,18.3,18.3,18.2,18.3,0.0,147.0
1203,味王,50412.0,2088335.0,42.05,42.05,41.05,41.35,-0.65,119.0
1210,大成,582081.0,31171527.0,53.8,53.8,53.2,53.7,-0.1,1139.0
1215,卜蜂,174776.0,17521172.0,100.0,100.5,99.5,100.5,0.0,511.0
1216,統一,7224109.0,613287565.0,85.8,86.0,84.6,84.6,-1.8,5029.0
1218,泰山,511195.0,10730432.0,21.0,21.1,20.9,21.0,0.05,271.0
1225,福懋油,149931.0,11510021.0,78.0,78.0,76.5,76.7,-1.3,113.0
1227,佳格,209308.0,7883664.0,37.8,37.8,37.6,37.65,-0.15,335.0
1229,聯華,553317.0,32167997.0,58.3,58.5,57.9,57.9,-0.4,1060.0
1231,聯華食,285411.0,36858090.0,129.0,130.5,128.0,128.5,-0.5,1154.0
1232,大統益,75434.0,10962325.0,146.5,146.5,145.0,145.0,-1.0,142.0
1234,黑松,22568.0,939580.0,41.6,41.9,41.55,41.6,0.0,49.0
1235,興泰,14865.0,1744009.0,111.5,123.0,111.5,116.5,-1.5,47.0
1256,鮮活果汁-KY,15292.0,2051372.0,134.5,136.0,133.0,136.0,1.5,56.0
1301,台塑,22220951.0,899028494.0,40.8,41.3,39.8,40.2,0.05,11706.0
1303,南亞,14726270.0,546827213.0,37.8,38.0,36.7,36.9,-0.6,7871.0
1304,台聚,2337362.0,28569876.0,12.45,12.45,12.05,12.25,-0.15,1793.0
1305,華夏,890845.0,11975096.0,13.45,13.65,13.3,13.5,0.05,523.0
1307,三芳,891809.0,34666278.0,39.4,39.4,38.65,38.75,-0.65,615.0
1308,亞聚,1096888.0,17142377.0,15.7,15.85,15.4,15.6,-0.05,1130.0
1309,台達化,1861071.0,29715815.0,15.8,16.35,15.55,16.2,0.45,1066.0
1310,台苯,948665.0,10371901.0,11.05,11.1,10.8,10.95,-0.05,1400.0
1312,國喬,3320176.0,37105944.0,11.3,11.35,11.05,11.2,-0.1,1220.0
1313,聯成,1860443.0,19498620.0,10.65,10.65,10.35,10.45,-0.2,1540.0
1314,中石化,6427262.0,51965533.0,8.1,8.16,8.03,8.06,-0.04,2112.0
1315,達新,3455.0,241054.0,70.7,70.7,70.7,70.7,0.2,29.0
1319,東陽,2299310.0,263302167.0,115.5,116.5,113.5,113.5,-1.5,2084.0
1321,大洋,209769.0,7075171.0,34.1,34.1,33.6,33.6,-0.25,133.0
1326,台化,14809529.0,492243869.0,33.65,33.95,32.7,33.15,-0.15,6879.0
1342,八貫,601360.0,64305725.0,107.5,108.0,105.5,107.0,1.0,1938.0
1402,遠東新,15325819.0,511207056.0,33.45,34.1,33.05,33.05,-0.7,4451.0
1409,新纖,1087015.0,17212752.0,15.9,15.95,15.8,15.85,-0.1,459.0
1419,新紡,3300.0,152932.0,46.2,46.7,46.05,46.05,-0.45,55.0
1434,福懋,801592.0,15981913.0,20.15,20.15,19.85,19.9,-0.25,663.0
1435,中福,94.0,3776.0,0.0,0.0,0.0,0.0,0.0,19.0
1436,華友聯,274411.0,33917896.0,125.5,125.5,122.5,123.0,-1.5,251.0
1437,勤益控,31033.0,1069600.0,34.35,34.55,34.35,34.45,-0.1,50.0
1440,南紡,335110.0,5147850.0,15.35,15.45,15.25,15.45,0.1,268.0
1442,名軒,2248500.0,185696562.0,82.7,83.4,81.7,83.4,1.4,1407.0
1444,力麗,4124475.0,38866046.0,9.2,9.56,9.19,9.47,0.35,1607.0
1446,宏和,1800691.0,103521096.0,58.8,58.8,56.4,57.7,-0.3,1425.0
1447,力鵬,2660022.0,20875807.0,7.71,7.92,7.71,7.82,0.16,967.0
1455,集盛,404585.0,4032901.0,10.0,10.0,9.93,9.97,-0.03,291.0
1457,宜進,115840.0,2307040.0,19.95,19.95,19.85,19.95,0.05,89.0
1476,儒鴻,325156.0,171163797.0,535.0,535.0,523.0,527.0,-1.0,701.0
1477,聚陽,950444.0,291873883.0,308.0,310.0,306.0,306.5,-3.5,1491.0
1503,士電,468323.0,93697752.0,200.0,202.0,197.0,200.0,0.5,795.0
1504,東元,9056967.0,478555252.0,52.5,53.3,52.3,52.8,0.6,6470.0
1513,中興電,3853716.0,613887087.0,159.5,160.5,157.5,159.5,-2.0,5472.0
1514,亞力,1260830.0,137296697.0,110.5,110.5,107.5,109.5,-0.5,1390.0
1515,力山,292556.0,9180042.0,31.8,31.8,30.95,31.4,-0.45,285.0
1519,華城,2902810.0,1646968242.0,560.0,576.0,554.0,573.0,15.0,3648.0
1522,堤維西,2058092.0,131032243.0,64.2,64.2,63.1,63.1,-1.2,1778.0
1532,勤美,2659792.0,90002428.0,34.3,34.4,33.55,33.55,-0.55,1245.0
1535,中宇,109689.0,6908185.0,62.5,63.5,62.5,62.9,0.6,137.0
1536,和大,3044497.0,187558523.0,62.0,62.6,61.1,61.1,-0.9,2472.0
1537,廣隆,354684.0,56182622.0,159.5,160.5,156.5,158.0,-2.0,453.0
1558,伸興,34562.0,3567584.0,103.0,104.0,103.0,103.0,0.0,135.0
1560,中砂,1219970.0,370939025.0,307.0,312.0,300.5,301.0,-3.5,1579.0
1563,巧新,284438.0,16830093.0,59.5,59.7,58.9,58.9,-0.4,249.0
1582,信錦,236503.0,21908468.0,93.4,93.4,92.3,92.4,-0.5,358.0
1583,程泰,13040.0,783240.0,60.2,60.2,59.9,59.9,-0.3,10.0
1590,亞德客-KY,648400.0,532320981.0,812.0,828.0,804.0,825.0,21.0,1100.0
1597,直得,579391.0,51845875.0,90.0,90.8,88.8,89.1,-0.9,622.0
1603,華電,254692.0,9600018.0,38.05,38.05,37.25,37.7,0.0,208.0
1604,聲寶,217173.0,6162419.0,28.45,28.5,28.3,28.3,0.0,168.0
1605,華新,24388113.0,627094707.0,25.7,26.0,25.1,25.9,0.5,10920.0
1608,華榮,1483106.0,41374488.0,28.3,28.3,27.75,27.75,-0.5,839.0
1609,大亞,2035237.0,90827690.0,45.05,45.05,44.45,44.6,-0.35,1817.0
1611,中電,1120231.0,19080380.0,17.4,17.4,16.9,16.9,-0.4,640.0
1612,宏泰,1585803.0,57477786.0,36.3,36.65,36.05,36.25,0.2,1196.0
1614,三洋電,6144.0,242191.0,39.4,39.4,39.4,39.4,0.0,14.0
1615,大山,176486.0,10253403.0,58.0,58.6,57.7,58.0,-1.1,363.0
1618,合機,702418.0,32463070.0,46.8,46.8,46.0,46.0,-0.25,608.0
1702,南僑,307748.0,16162424.0,52.5,52.8,52.4,52.5,0.0,376.0
1707,葡萄王,182693.0,28480445.0,157.0,157.5,155.0,155.5,-1.5,268.0
1708,東鹼,7744220.0,305024192.0,40.95,40.95,38.8,38.85,-2.45,4992.0
1709,和益,270042.0,5836094.0,21.7,21.7,21.5,21.65,-0.05,191.0
1710,東聯,1860873.0,28660377.0,15.65,15.7,15.3,15.4,-0.2,1316.0
1711,永光,3467335.0,77431333.0,23.0,23.0,22.2,22.2,-0.5,2116.0
1712,興農,290263.0,13172814.0,45.35,45.6,45.2,45.2,-0.15,287.0
1713,國化,50298.0,2393876.0,47.1,47.9,47.1,47.55,0.45,106.0
1714,和桐,933533.0,7795391.0,8.38,8.38,8.33,8.36,-0.02,400.0
1717,長興,1113570.0,32677476.0,29.55,29.55,29.25,29.35,-0.15,733.0
1718,中纖,1635569.0,13232227.0,8.13,8.13,8.07,8.07,-0.06,611.0
1720,生達,126094.0,8074469.0,64.3,64.4,63.8,64.1,0.0,163.0
1722,台肥,841661.0,46319046.0,55.4,55.4,54.9,54.9,-0.1,844.0
1723,中碳,92154.0,8878357.0,96.9,96.9,96.1,96.3,-0.2,233.0
1725,元禎,113031.0,4465757.0,39.9,40.0,39.0,39.5,-1.05,274.0
1726,永記,39204.0,2966113.0,76.6,76.8,75.1,75.1,-1.5,54.0
1736,喬山,1069379.0,203728882.0,190.0,194.0,186.0,190.0,4.0,1604.0
1737,臺鹽,60259.0,1949469.0,32.5,32.5,32.25,32.25,-0.25,156.0
1760,寶齡富錦,98113.0,8480196.0,86.5,86.9,86.2,86.2,-0.6,173.0
1773,勝一,73122.0,12267439.0,168.5,169.0,167.0,167.5,-1.0,150.0
1786,科妍,990721.0,93910612.0,92.9,96.5,92.1,95.3,3.6,926.0
1789,神隆,156436.0,3659913.0,23.55,23.55,23.3,23.4,-0.15,175.0
1795,美時,1612301.0,445663842.0,279.5,279.5,274.0,276.5,-3.5,2422.0
1802,台玻,10730768.0,201237939.0,19.15,19.15,18.55,18.55,-0.6,4351.0
1808,潤隆,2188198.0,88765075.0,40.95,40.95,40.25,40.55,-0.25,1230.0
1903,士紙,61647.0,3354440.0,54.2,54.9,53.9,54.8,0.2,82.0
1904,正隆,3804290.0,80201859.0,21.5,21.5,20.95,21.0,-0.5,2494.0
1905,華紙,687614.0,12238166.0,17.9,17.9,17.75,17.8,-0.1,507.0
1907,永豐餘,678143.0,20665154.0,30.6,30.6,30.35,30.5,-0.1,716.0
1909,榮成,493989.0,6102775.0,12.45,12.45,12.3,12.35,-0.1,266.0
2002,中鋼,16212465.0,341470212.0,21.1,21.2,21.0,21.0,-0.15,7584.0
2006,東和鋼鐵,942467.0,66717419.0,71.5,71.5,70.5,70.8,-0.4,1758.0
2009,第一銅,742654.0,28769518.0,39.05,39.15,38.4,38.65,-0.35,714.0
2010,春源,382749.0,7036007.0,18.45,18.45,18.3,18.35,-0.15,342.0
2012,春雨,40633.0,1045333.0,25.7,26.0,25.65,25.65,-0.05,64.0
2013,中鋼構,29651.0,1557220.0,52.4,52.6,52.3,52.6,-0.2,289.0
2014,中鴻,2714945.0,52476348.0,19.3,19.6,19.0,19.4,0.2,1548.0
2015,豐興,168745.0,12470445.0,74.1,74.5,73.5,73.5,-0.6,635.0
2017,官田鋼,594824.0,6718229.0,11.35,11.4,11.15,11.4,0.0,1387.0
2020,美亞,396106.0,11529962.0,29.4,29.4,29.05,29.1,-0.25,743.0
2023,燁輝,587384.0,8921723.0,15.2,15.25,15.15,15.2,0.0,296.0
2027,大成鋼,3231623.0,107955480.0,33.35,33.75,33.05,33.6,0.05,1929.0
2028,威致,75279.0,1664913.0,22.25,22.25,22.05,22.1,-0.15,96.0
2029,盛餘,67821.0,1683278.0,24.85,25.0,24.75,24.8,-0.05,63.0
2031,新光鋼,563580.0,28111870.0,50.0,50.4,49.35,49.55,-0.2,470.0
2034,允強,1188040.0,24227903.0,20.0,20.65,20.0,20.6,0.75,848.0
2049,上銀,2132290.0,524585801.0,244.0,249.0,242.5,246.0,5.5,2734.0
2059,川湖,764326.0,1206489040.0,1585.0,1595.0,1565.0,1575.0,0.0,1159.0
2101,南港,11321171.0,606892869.0,51.1,51.1,49.3,49.7,-1.1,2360.0
2102,泰豐,865107.0,18396961.0,21.4,21.45,21.1,21.25,-0.35,288.0
2103,台橡,1520401.0,33655198.0,22.35,22.35,22.05,22.1,-0.25,790.0
2104,國際中橡,400099.0,6072075.0,15.25,15.25,15.1,15.25,-0.05,251.0
2105,正新,2701019.0,139905004.0,51.7,52.1,51.2,52.0,0.3,1932.0
2106,建大,302934.0,8703422.0,28.75,28.95,28.6,28.75,0.0,345.0
2107,厚生,470492.0,12444879.0,26.4,26.55,26.25,26.4,0.25,394.0
2108,南帝,289199.0,9656503.0,33.35,33.7,33.1,33.35,-0.05,301.0
2114,鑫永銓,8228.0,784641.0,95.4,95.4,95.3,95.3,0.0,20.0
2201,裕隆,1415024.0,79255365.0,56.2,56.5,55.6,55.8,-0.6,1420.0
2204,中華,3016871.0,246695545.0,82.1,82.6,81.2,82.2,0.0,2631.0
2206,三陽工業,1628579.0,112936852.0,70.1,70.1,69.0,69.4,-0.3,1290.0
2207,和泰車,160446.0,98201751.0,620.0,620.0,610.0,610.0,-5.0,1002.0
2208,台船,1143585.0,18492044.0,16.2,16.3,16.1,16.15,-0.1,775.0
2211,長榮鋼,299004.0,29807372.0,99.4,100.5,99.0,99.9,1.3,441.0
2227,裕日車,193777.0,16772414.0,88.5,88.5,86.0,86.1,-2.9,466.0
2228,劍麟,207414.0,21371256.0,105.0,105.0,102.5,102.5,-1.5,221.0
2231,為升,1532767.0,163124460.0,106.0,108.5,104.0,106.5,5.5,1401.0
2233,宇隆,561067.0,100014264.0,177.5,179.5,176.5,178.5,0.5,687.0
2247,汎德永業,15506.0,4514789.0,291.0,292.0,290.5,291.0,-0.5,70.0
2258,鴻華先進-創,113600.0,4611519.0,41.0,41.0,40.3,40.45,-0.6,78.0
2301,光寶科,4217809.0,442072353.0,105.0,106.0,104.0,105.0,0.5,2970.0
2308,台達電,8009179.0,3232009877.0,399.0,406.5,398.0,405.0,6.0,10807.0
2312,金寶,22616937.0,631343841.0,28.1,28.25,27.7,27.7,-0.4,9968.0
2313,華通,7793064.0,487351413.0,62.7,63.0,62.2,62.4,0.5,4815.0
2314,台揚,827503.0,25021541.0,30.5,30.8,30.0,30.4,0.0,578.0
2316,楠梓電,982547.0,50497487.0,52.1,52.1,51.0,51.2,-0.8,829.0
2317,鴻海,41114306.0,8084426101.0,198.5,199.0,195.0,195.0,-3.0,55012.0
2323,中環,2776092.0,31884439.0,11.5,11.6,11.4,11.5,0.0,782.0
2324,仁寶,78892009.0,3123738977.0,39.8,40.25,38.9,39.1,0.4,35754.0
2327,國巨,2087441.0,1121970935.0,537.0,541.0,534.0,535.0,-1.0,3197.0
2328,廣宇,2071910.0,79145676.0,38.6,39.0,37.8,37.8,-0.8,1851.0
2329,華泰,2203824.0,81048702.0,36.95,37.05,36.4,36.7,0.3,1650.0
2330,台積電,30255281.0,32409791931.0,1070.0,1075.0,1065.0,1075.0,10.0,25230.0
2331,精英,861298.0,20486048.0,24.3,24.3,23.65,23.75,-0.25,571.0
2332,友訊,10360955.0,215919769.0,21.5,21.65,20.4,20.45,-1.05,4290.0
2337,旺宏,13043850.0,289906118.0,22.2,22.45,22.05,22.2,-0.45,6591.0
2338,光罩,1196394.0,63225972.0,53.1,53.8,52.0,53.0,0.3,736.0
2340,台亞,1176165.0,35472821.0,30.45,30.5,30.0,30.1,-0.4,955.0
2344,華邦電,20267255.0,324408173.0,16.2,16.25,15.9,15.9,-0.25,5686.0
2345,智邦,6887078.0,4969531952.0,701.0,733.0,701.0,720.0,15.0,6275.0
2347,聯強,2943217.0,222033452.0,75.0,75.7,74.7,75.7,1.1,2310.0
2348,海悅,1702214.0,296144764.0,177.5,179.5,171.0,172.5,-7.0,2148.0
2349,錸德,8944705.0,132480856.0,15.05,15.1,14.6,14.8,-0.35,3652.0
2351,順德,939269.0,93167548.0,98.7,99.8,97.9,99.7,1.3,907.0
2352,佳世達,3752315.0,140538140.0,38.0,38.1,37.15,37.15,-0.65,2518.0
2353,宏碁,18383693.0,725462366.0,38.7,39.9,38.7,39.5,0.95,9692.0
2354,鴻準,77038493.0,6707435165.0,87.5,89.2,85.7,85.8,-1.4,42263.0
2355,敬鵬,733130.0,28797064.0,39.3,39.55,39.1,39.1,-0.05,570.0
2356,英業達,12947853.0,655990438.0,50.5,51.2,50.3,50.3,-0.2,7667.0
2357,華碩,2564371.0,1550387858.0,599.0,608.0,597.0,608.0,10.0,3161.0
2359,所羅門,1039412.0,142249634.0,139.0,139.0,136.0,136.0,-2.5,1438.0
2360,致茂,4003398.0,1655713621.0,427.5,429.0,404.0,415.0,-15.0,4077.0
2362,藍天,1403089.0,78424594.0,57.3,57.3,55.5,55.5,-1.4,1685.0
2363,矽統,11136219.0,821158503.0,72.5,74.9,72.5,73.3,0.9,8548.0
2365,昆盈,2730298.0,111996546.0,42.0,42.15,40.6,40.75,-1.05,2279.0
2367,燿華,5841521.0,184551188.0,32.1,32.2,31.25,31.3,-0.65,3209.0
2368,金像電,9735015.0,1963761310.0,197.0,204.5,197.0,204.0,9.5,8163.0
2369,菱生,637568.0,11601453.0,18.4,18.4,18.05,18.15,-0.15,424.0
2371,大同,7050304.0,332088353.0,47.45,47.85,46.6,47.05,0.05,4543.0
2373,震旦行,23194.0,1547528.0,66.8,66.8,66.6,66.7,-0.1,43.0
2374,佳能,8091691.0,394148633.0,48.65,49.25,48.15,48.8,0.65,5780.0
2375,凱美,7665989.0,581120672.0,80.0,80.0,73.0,74.4,-4.9,6040.0
2376,技嘉,5466899.0,1519450479.0,283.0,284.0,275.0,277.5,-4.0,8363.0
2377,微星,1741912.0,303411347.0,175.0,176.5,173.0,173.0,-1.5,1482.0
2379,瑞昱,3681780.0,1938321884.0,528.0,534.0,518.0,519.0,-5.0,5069.0
2382,廣達,12720716.0,3780612023.0,299.5,300.5,295.0,296.0,-1.0,16965.0
2383,台光電,8718044.0,4756750559.0,540.0,552.0,536.0,550.0,17.0,10578.0
2385,群光,1421534.0,215491584.0,152.5,153.0,151.0,151.5,0.5,1456.0
2387,精元,696670.0,44473248.0,64.1,64.8,63.3,63.5,-0.6,794.0
2388,威盛,4507988.0,485714359.0,109.0,109.5,106.5,107.0,-1.5,2987.0
2392,正崴,18436245.0,1398554091.0,79.0,79.1,73.5,75.2,-3.4,13096.0
2393,億光,1041160.0,81397714.0,79.0,79.0,77.9,78.2,-0.8,973.0
2395,研華,578325.0,205485932.0,357.0,359.0,351.0,355.5,-1.5,875.0
2397,友通,324360.0,25073798.0,79.9,79.9,76.4,77.1,-1.9,392.0
2401,凌陽,1975664.0,57339455.0,29.0,29.4,28.55,29.05,0.3,1240.0
2402,毅嘉,5000374.0,196779662.0,40.3,40.3,38.9,39.45,-0.8,3766.0
2404,漢唐,1665762.0,761612959.0,458.0,468.5,452.0,458.5,2.0,2650.0
2405,輔信,11091501.0,232805555.0,21.5,21.6,20.45,21.0,-1.1,5489.0
2406,國碩,1245487.0,20695004.0,17.1,17.15,16.4,16.55,-0.35,882.0
2408,南亞科,12982746.0,424668098.0,33.65,33.65,32.4,32.5,-0.65,7089.0
2409,友達,12092102.0,189117206.0,15.85,15.9,15.55,15.55,-0.25,4267.0
2412,中華電,4469420.0,556649802.0,124.0,125.0,124.0,124.5,0.0,3261.0
2414,精技,114002.0,4417690.0,38.35,39.0,38.25,38.85,0.3,160.0
2417,圓剛,392923.0,15735136.0,40.3,40.35,39.85,40.0,-0.5,372.0
2419,仲琦,3125711.0,97050658.0,32.0,32.25,30.8,30.9,-1.1,2063.0
2420,新巨,581126.0,37975705.0,66.4,66.7,64.9,65.0,-1.4,560.0
2421,建準,1890937.0,196156593.0,104.0,105.0,103.0,103.5,0.0,1403.0
2428,興勤,75846.0,12123272.0,161.0,161.5,159.0,159.0,-1.0,121.0
2433,互盛電,24626.0,1237456.0,50.3,50.4,50.2,50.2,0.0,40.0
2436,偉詮電,16517245.0,1007303645.0,63.7,64.1,58.5,59.3,-4.1,10797.0
2439,美律,1751700.0,190949880.0,110.0,110.5,107.5,107.5,-1.5,1490.0
2441,超豐,481746.0,27999795.0,58.6,58.6,57.8,58.0,-0.6,664.0
2442,新美齊,1337288.0,34947126.0,26.5,26.5,25.8,25.8,-0.75,747.0
2449,京元電子,20268331.0,2475350404.0,126.0,126.5,120.5,121.0,-4.5,16171.0
2450,神腦,101149.0,3509194.0,34.8,34.8,34.6,34.6,-0.2,152.0
2451,創見,559832.0,52577193.0,94.3,94.5,92.6,93.9,-0.3,559.0
2453,凌群,9120386.0,549488360.0,61.8,61.9,58.0,60.7,-0.5,7169.0
2454,聯發科,4592126.0,6045281525.0,1320.0,1325.0,1300.0,1325.0,20.0,5865.0
2455,全新,3558323.0,596570938.0,166.0,170.0,164.0,167.5,0.5,2733.0
2457,飛宏,3330290.0,136422842.0,42.25,42.25,40.35,40.35,-1.9,2463.0
2458,義隆,2155360.0,331268204.0,156.0,156.5,152.0,152.5,-2.0,3626.0
2459,敦吉,37246.0,2610464.0,70.1,70.3,70.0,70.0,-0.1,42.0
2464,盟立,1449381.0,108105994.0,75.7,75.8,73.9,74.3,-0.9,1516.0
2465,麗臺,836612.0,67369192.0,81.3,82.2,79.0,80.1,1.2,726.0
2466,冠西電,446567.0,16997470.0,36.0,38.5,36.0,36.55,1.55,283.0
2467,志聖,740783.0,154350701.0,208.5,212.0,206.5,207.0,-2.0,1371.0
2472,立隆電,6456680.0,566585440.0,89.0,89.1,86.4,87.6,-0.1,5332.0
2474,可成,6748365.0,1317532986.0,196.5,196.5,194.0,196.0,-0.5,5734.0
2476,鉅祥,1888453.0,169220168.0,90.5,91.3,88.5,88.7,-1.0,1617.0
2478,大毅,103642.0,4920985.0,47.95,47.95,47.2,47.25,-0.7,267.0
2480,敦陽科,2100517.0,294684154.0,143.0,145.0,136.5,138.5,-1.5,2545.0
2481,強茂,754786.0,39074173.0,52.7,52.8,51.2,51.6,-1.1,742.0
2485,兆赫,330953.0,5522589.0,16.85,16.85,16.6,16.65,-0.2,354.0
2486,一詮,5281074.0,617396320.0,118.0,119.0,115.0,116.5,-1.0,3402.0
2489,瑞軒,4300328.0,83533466.0,19.75,19.85,19.3,19.3,-0.45,2955.0
2492,華新科,1731479.0,171384929.0,99.2,100.5,97.6,97.6,-1.6,1576.0
2493,揚博,963956.0,97708171.0,103.5,103.5,100.5,100.5,-3.0,1035.0
2495,普安,8278020.0,272766757.0,35.0,35.0,32.0,32.5,-2.2,4539.0
2497,怡利電,1040958.0,66094574.0,64.0,64.8,62.8,62.8,-1.0,812.0
2498,宏達電,5310906.0,231676584.0,44.85,44.85,43.1,43.4,-0.95,3276.0
2501,國建,1261946.0,32443500.0,25.75,25.9,25.55,25.7,0.15,728.0
2504,國產,2942829.0,156128405.0,53.0,53.4,52.4,53.4,0.1,2078.0
2505,國揚,200818.0,4526114.0,22.6,22.8,22.4,22.55,-0.35,229.0
2511,太子,596323.0,6503404.0,10.9,10.95,10.85,10.9,0.0,302.0
2514,龍邦,483378.0,9863022.0,20.7,20.7,20.15,20.4,-0.35,385.0
2515,中工,5371041.0,60854207.0,11.35,11.4,11.2,11.3,0.0,1483.0
2520,冠德,6180348.0,374138021.0,63.0,63.0,59.6,60.1,-2.4,8498.0
2524,京城,361032.0,26056181.0,73.3,73.5,71.4,72.0,-1.3,401.0
2527,宏璟,1775274.0,71159159.0,40.6,41.2,39.1,39.1,-1.5,1885.0
2528,皇普,249125.0,10064701.0,41.0,41.0,40.05,40.05,-0.95,237.0
2530,華建,771186.0,30736341.0,40.75,40.75,39.6,40.05,-0.75,522.0
2534,宏盛,870613.0,24040080.0,27.9,27.9,27.35,27.7,0.0,572.0
2535,達欣工,951822.0,52085781.0,54.8,55.4,53.8,54.7,0.3,1438.0
2536,宏普,324896.0,10667671.0,32.35,33.45,32.35,32.65,0.0,251.0
2537,聯上發,1622300.0,22891026.0,14.65,14.7,13.9,13.9,-0.65,978.0
2538,基泰,175239.0,2820460.0,16.35,16.35,16.05,16.05,-0.2,158.0
2539,櫻花建,577061.0,30585454.0,54.0,54.0,52.6,52.9,-0.6,531.0
2540,愛山林,1999346.0,176607845.0,90.7,90.7,86.8,87.4,-4.3,2271.0
2542,興富發,9511124.0,456975606.0,48.6,48.8,47.25,47.4,-1.1,17840.0
2543,皇昌,3571815.0,242962147.0,70.1,70.1,67.5,67.5,-2.0,2871.0
2545,皇翔,2736874.0,188603642.0,72.6,72.6,67.3,67.7,-6.8,3070.0
2546,根基,59729.0,4496710.0,75.5,75.5,75.1,75.5,-0.7,208.0
2547,日勝生,3384237.0,38580252.0,11.4,11.4,11.4,11.4,1.0,1041.0
2548,華固,313167.0,37551074.0,121.0,121.0,119.5,119.5,-1.0,563.0
2597,潤弘,545172.0,80119846.0,144.0,148.5,144.0,148.0,5.0,960.0
2601,益航,1279314.0,9695558.0,7.55,7.63,7.54,7.58,0.04,500.0
2603,長榮,35643331.0,8380625520.0,231.5,238.0,231.0,235.5,7.5,25330.0
2605,新興,7773312.0,210236369.0,26.65,27.3,26.55,27.0,0.45,3983.0
2606,裕民,3934306.0,233756752.0,58.8,59.7,58.7,59.4,1.0,3682.0
2607,榮運,1673819.0,52975754.0,31.35,31.8,31.35,31.55,0.3,966.0
2608,嘉里大榮,87246.0,3445984.0,39.6,39.6,39.35,39.45,-0.2,87.0
2609,陽明,217832307.0,17713908355.0,78.5,83.0,78.0,83.0,7.4,110926.0
2610,華航,95502365.0,2570389179.0,26.35,27.15,26.25,26.95,0.65,31787.0
2612,中航,425849.0,18173600.0,42.25,42.95,42.2,42.5,0.35,330.0
2615,萬海,58837238.0,5139713867.0,85.3,89.5,85.1,86.1,2.1,37456.0
2617,台航,1450819.0,45468703.0,30.95,31.6,30.9,31.1,0.3,887.0
2618,長榮航,118217449.0,5581086860.0,45.4,48.25,45.2,47.5,2.5,43805.0
2630,亞航,699443.0,22829686.0,33.1,33.1,32.3,32.5,0.5,634.0
2633,台灣高鐵,1821622.0,51601513.0,28.35,28.5,28.25,28.25,-0.1,1026.0
2634,漢翔,2020520.0,86618927.0,43.3,43.3,42.7,42.8,-0.2,1724.0
2636,台驊控股,1272533.0,104064895.0,79.7,82.7,79.7,81.3,1.6,1312.0
2637,慧洋-KY,3669629.0,266217196.0,71.8,73.1,71.7,72.3,0.6,2698.0
2645,長榮航太,439858.0,41764243.0,94.9,95.3,94.5,95.0,0.2,442.0
2704,國賓,40361.0,2355425.0,58.6,58.8,57.9,58.0,-0.6,64.0
2706,第一店,208079.0,3053906.0,14.7,14.75,14.65,14.65,-0.05,135.0
2707,晶華,152680.0,29190270.0,192.0,192.0,191.0,191.0,-1.0,234.0
2722,夏都,130997.0,4339348.0,33.8,33.8,32.75,33.2,-0.4,225.0
2723,美食-KY,351230.0,33394611.0,94.3,95.8,93.7,95.2,1.1,353.0
2727,王品,100222.0,23666498.0,236.5,237.5,235.0,236.0,0.0,1332.0
2731,雄獅,218208.0,26807913.0,124.0,124.0,122.5,122.5,-1.5,349.0
2739,寒舍,110129.0,5654904.0,51.7,51.7,51.1,51.3,-0.7,208.0
2748,雲品,330528.0,20631620.0,62.6,63.3,61.5,62.4,-0.9,550.0
2753,八方雲集,175427.0,26346425.0,149.0,151.5,148.5,150.5,2.5,277.0
2762,世界健身-KY,134855.0,13063102.0,95.6,98.6,94.6,97.4,2.1,221.0
2801,彰銀,28952263.0,521587973.0,17.9,18.1,17.9,18.0,0.1,5752.0
2809,京城銀,4540690.0,219102197.0,48.75,48.95,47.4,48.7,-0.45,3362.0
2812,台中銀,10711508.0,207855861.0,19.1,19.65,19.1,19.45,0.45,4544.0
2816,旺旺保,209998.0,6825777.0,32.5,32.65,32.4,32.5,0.05,149.0
2820,華票,1069228.0,16412027.0,15.35,15.4,15.3,15.4,0.1,459.0
2832,台產,208486.0,6150388.0,29.5,29.55,29.45,29.5,0.05,202.0
2834,臺企銀,10639917.0,160535202.0,15.1,15.15,15.05,15.1,0.0,4109.0
2836,高雄銀,582564.0,6829115.0,11.75,11.75,11.7,11.75,0.05,307.0
2838,聯邦銀,851289.0,13288414.0,15.6,15.65,15.55,15.6,0.0,370.0
2838A,聯邦銀甲特,35324.0,1871725.0,53.0,53.1,52.9,53.1,0.1,28.0
2845,遠東銀,4091322.0,56537265.0,13.8,13.85,13.75,13.85,0.0,1275.0
2849,安泰銀,27496.0,397115.0,14.45,14.5,14.4,14.4,-0.1,36.0
2850,新產,279412.0,28887491.0,104.0,104.0,102.5,104.0,0.0,385.0
2851,中再保,705610.0,18552816.0,26.35,26.4,26.2,26.35,0.0,423.0
2852,第一保,389979.0,9973907.0,25.75,25.75,25.45,25.65,0.05,230.0
2855,統一證,1948616.0,53451931.0,27.5,27.55,27.3,27.45,0.05,1182.0
2867,三商壽,4160932.0,27501800.0,6.65,6.65,6.59,6.62,-0.03,1232.0
2880,華南金,28558865.0,784587523.0,27.35,27.6,27.3,27.55,0.4,7876.0
2881,富邦金,10252385.0,946843316.0,91.9,92.1,91.3,91.5,-0.5,9492.0
2881A,富邦特,15611.0,984036.0,63.2,63.2,63.0,63.1,-0.1,14.0
2881B,富邦金乙特,248368.0,14904478.0,60.0,60.2,59.9,60.1,0.0,41.0
2881C,富邦金丙特,31849.0,1687198.0,53.0,53.0,52.9,52.9,0.0,49.0
2882,國泰金,18245451.0,1261514715.0,68.7,69.4,68.6,69.2,0.5,7816.0
2882A,國泰特,2107.0,128455.0,61.1,61.1,61.1,61.1,-0.2,8.0
2882B,國泰金乙特,93055.0,5566201.0,59.9,60.0,59.6,60.0,0.0,81.0
2883,凱基金,37930111.0,682810879.0,18.05,18.1,17.9,18.0,-0.05,9841.0
2883B,凱基金乙特,1490961.0,11647262.0,7.81,7.82,7.8,7.81,0.0,685.0
2884,玉山金,12590702.0,346240413.0,27.5,27.65,27.4,27.55,0.0,5369.0
2885,元大金,15233409.0,533557944.0,34.9,35.4,34.75,34.95,0.05,8168.0
2886,兆豐金,13322809.0,530717126.0,39.7,39.95,39.55,39.95,0.0,4909.0
2887,台新金,37861129.0,665922148.0,17.5,17.75,17.45,17.65,0.2,7631.0
2887E,台新戊特,13608.0,696618.0,51.2,51.2,51.2,51.2,0.2,13.0
2887F,台新戊特二,204006.0,9354124.0,46.0,46.05,45.7,45.7,-0.3,104.0
2888,新光金,45367009.0,542280972.0,11.9,12.0,11.9,12.0,0.1,6444.0
2888B,新光金乙特,26300.0,934324.0,35.5,35.55,35.5,35.5,0.0,19.0
2889,國票金,7609442.0,113884685.0,14.95,15.05,14.85,14.95,-0.05,2053.0
2890,永豐金,26564328.0,639200964.0,24.3,24.4,23.9,24.1,-0.35,13220.0
2891,中信金,31799720.0,1240220398.0,39.1,39.15,38.85,39.05,-0.05,14050.0
2891B,中信金乙特,32671.0,1992419.0,60.9,61.1,60.9,61.1,0.0,20.0
2891C,中信金丙特,3217.0,181880.0,56.5,56.6,56.5,56.6,0.0,10.0
2892,第一金,11920435.0,334172535.0,28.0,28.1,27.9,28.1,0.1,5191.0
2897,王道銀行,1188708.0,11831179.0,9.93,9.97,9.93,9.94,0.02,444.0
2903,遠百,2419072.0,59055890.0,24.7,24.7,24.3,24.3,-0.3,1444.0
2905,三商,1104107.0,17653056.0,16.15,16.15,15.95,15.95,-0.2,529.0
2908,特力,300851.0,6047216.0,20.1,20.15,20.0,20.15,0.05,67.0
2912,統一超,1087057.0,293911394.0,272.5,272.5,270.0,270.0,-2.0,1947.0
2913,農林,4326664.0,92936586.0,21.2,21.7,21.2,21.5,0.4,1521.0
2915,潤泰全,5515187.0,422351931.0,76.9,77.2,76.0,77.2,-0.8,3461.0
2923,鼎固-KY,12168.0,380439.0,32.0,32.0,30.8,31.1,-0.2,24.0
3003,健和興,2222719.0,170161940.0,77.7,77.8,76.0,76.1,-1.5,1929.0
3005,神基,1359347.0,145795470.0,108.0,108.0,106.5,107.5,0.5,1262.0
3006,晶豪科,1226356.0,78607527.0,64.4,64.6,63.6,64.2,-0.3,981.0
3008,大立光,615007.0,1506869255.0,2490.0,2500.0,2420.0,2440.0,-45.0,7385.0
3010,華立,390381.0,49132039.0,125.5,126.5,125.0,126.5,1.0,1154.0
3013,晟銘電,7141580.0,1008836014.0,144.5,145.5,139.5,141.0,-3.0,5939.0
3014,聯陽,616997.0,90246131.0,146.0,147.5,145.5,145.5,-0.5,912.0
3015,全漢,3496677.0,224702742.0,66.5,66.5,63.1,63.3,-3.4,2736.0
3016,嘉晶,119356.0,6145533.0,52.1,52.1,51.0,51.1,-1.0,333.0
3017,奇鋐,7494660.0,5262190471.0,710.0,712.0,693.0,708.0,-3.0,10051.0
3019,亞光,14791260.0,1698726025.0,110.5,117.0,109.0,116.5,7.0,9521.0
3022,威強電,396566.0,31905525.0,80.8,81.3,80.0,80.1,-0.7,414.0
3023,信邦,629807.0,162300289.0,264.0,264.0,255.5,256.5,-7.0,1331.0
3026,禾伸堂,276671.0,24707874.0,90.0,90.3,88.8,89.0,-0.7,390.0
3028,增你強,216363.0,6559967.0,30.3,30.5,30.2,30.25,0.0,288.0
3029,零壹,53162947.0,7879336589.0,149.0,156.0,143.0,152.0,6.5,32852.0
3030,德律,2538701.0,314287740.0,130.0,130.5,121.0,123.5,-3.5,2308.0
3032,偉訓,13481584.0,1242984769.0,92.5,95.7,89.8,89.9,-1.9,9266.0
3033,威健,1223978.0,42816729.0,35.2,35.4,34.75,34.85,-0.05,900.0
3034,聯詠,1639012.0,800695967.0,489.0,492.0,486.0,487.5,-1.0,2080.0
3035,智原,5993064.0,1401118576.0,229.0,238.0,227.0,235.0,5.5,6315.0
3036,文曄,1258862.0,140115118.0,112.5,112.5,110.5,111.0,-1.0,1158.0
3037,欣興,12496512.0,1859865968.0,150.0,151.0,147.0,148.5,-3.0,9152.0
3042,晶技,1002179.0,104123584.0,104.5,105.5,103.0,104.0,-0.5,1004.0
3044,健鼎,924589.0,178305253.0,195.0,195.0,191.5,193.0,0.0,2567.0
3045,台灣大,2808059.0,320574523.0,114.0,114.5,113.0,114.5,1.0,1347.0
3047,訊舟,3210037.0,103102744.0,32.95,32.95,31.75,31.75,-1.0,1953.0
3048,益登,958247.0,29814927.0,31.8,31.8,30.85,30.85,-0.85,720.0
3049,精金,5071493.0,50613747.0,10.15,10.15,9.9,9.99,-0.16,1768.0
3055,蔚華科,267721.0,17878258.0,66.1,67.4,66.1,66.9,0.8,210.0
3056,富華新,2185865.0,77605235.0,35.55,35.8,35.0,35.65,0.2,1510.0
3059,華晶科,867388.0,27046912.0,31.7,31.7,30.9,31.0,-0.65,907.0
3062,建漢,7452053.0,240022116.0,33.1,33.25,31.85,32.0,-1.0,4157.0
3090,日電貿,10402063.0,749139733.0,74.9,75.0,70.4,71.8,-2.7,7665.0
3130,一零四,13662.0,3021181.0,221.5,221.5,220.5,220.5,-1.0,135.0
3138,耀登,174033.0,19014175.0,111.5,112.0,108.0,108.5,-3.0,279.0
3189,景碩,2190001.0,207483982.0,95.7,96.0,94.0,94.3,-1.4,2097.0
3209,全科,773640.0,28050904.0,36.65,36.65,36.05,36.15,-0.35,609.0
3231,緯創,21173576.0,2516014210.0,120.0,120.5,117.5,118.5,-0.5,17829.0
3266,昇陽,104769.0,2043917.0,19.95,19.95,19.4,19.4,-0.55,78.0
3305,昇貿,389436.0,25637461.0,66.2,67.2,64.9,65.8,0.0,326.0
3312,弘憶股,939753.0,56136931.0,60.6,60.7,58.7,60.0,0.5,786.0
3338,泰碩,1233407.0,85945989.0,70.8,71.1,69.0,69.0,-2.0,1297.0
3376,新日興,3384567.0,681201258.0,202.5,204.5,197.0,203.0,0.0,2855.0
3380,明泰,3306520.0,117726894.0,36.55,36.55,35.2,35.2,-1.35,2318.0
3406,玉晶光,573089.0,257166879.0,450.5,452.0,445.0,448.0,0.5,1339.0
3413,京鼎,649191.0,207164974.0,322.0,324.0,316.5,317.5,-2.5,2225.0
3416,融程電,449423.0,70614508.0,157.0,159.0,154.5,159.0,2.0,676.0
3443,創意,1689034.0,2093952195.0,1240.0,1260.0,1225.0,1225.0,5.0,2935.0
3450,聯鈞,19071146.0,4651326234.0,246.0,250.5,240.0,241.0,-10.0,17040.0
3454,晶睿,120778.0,15003039.0,127.5,127.5,123.0,123.5,-2.0,309.0
3481,群創,41738149.0,653966677.0,15.8,15.85,15.55,15.65,-0.1,10447.0
3501,維熹,242984.0,15459667.0,63.7,64.2,63.3,63.5,-0.2,235.0
3504,揚明光,123623.0,6901364.0,56.3,56.4,55.5,55.7,-0.5,279.0
3515,華擎,399544.0,95672733.0,241.5,242.0,237.0,239.0,-2.0,1333.0
3530,晶相光,804723.0,74848978.0,91.5,95.5,91.1,91.3,1.3,786.0
3532,台勝科,517800.0,59230106.0,113.5,115.5,112.0,115.5,2.0,477.0
3533,嘉澤,840485.0,1632001105.0,1940.0,1980.0,1915.0,1935.0,-15.0,2660.0
3545,敦泰,1880262.0,166067094.0,88.2,89.7,87.2,88.1,0.1,1437.0
3557,嘉威,457528.0,36076301.0,78.9,79.5,78.4,79.4,1.4,402.0
3563,牧德,1575073.0,684750681.0,438.5,444.5,426.0,434.5,-1.5,1686.0
3576,聯合再生,2185415.0,23284388.0,10.85,10.85,10.55,10.55,-0.4,1000.0
3583,辛耘,1364355.0,603031248.0,448.0,452.0,437.0,439.0,-5.5,1938.0
3592,瑞鼎,486914.0,184264877.0,381.5,383.5,373.0,379.0,-6.5,1063.0
3596,智易,1091526.0,186786308.0,177.0,177.0,168.5,169.5,-6.5,2069.0
3605,宏致,2085338.0,112303272.0,55.0,55.1,52.7,53.2,-1.2,1509.0
3617,碩天,846888.0,296542801.0,354.0,354.5,346.0,352.0,-7.5,1064.0
3622,洋華,3709042.0,239701445.0,66.8,66.8,63.9,64.1,-6.8,2701.0
3653,健策,756481.0,1149944775.0,1525.0,1535.0,1500.0,1525.0,15.0,1014.0
3661,世芯-KY,3812519.0,9996840905.0,2580.0,2680.0,2540.0,2675.0,115.0,12186.0
3665,貿聯-KY,2662084.0,1886995371.0,718.0,724.0,697.0,704.0,-6.0,3227.0
3673,TPK-KY,1468574.0,59587556.0,41.6,41.6,40.3,40.45,-0.85,1047.0
3679,新至陞,31370.0,4176903.0,134.0,134.0,133.0,133.5,-0.5,43.0
3694,海華,10132982.0,555681791.0,55.1,56.2,53.6,53.7,-1.8,6666.0
3701,大眾控,286752.0,10994625.0,38.95,38.95,38.05,38.05,-0.9,259.0
3702,大聯大,3031511.0,213626394.0,70.2,70.9,69.9,70.6,0.6,1925.0
3702A,大聯大甲特,708478.0,36495017.0,51.6,51.6,51.5,51.5,-0.1,120.0
3703,欣陸,1027153.0,31261462.0,30.25,30.8,30.05,30.6,0.35,651.0
3704,合勤控,3846825.0,165486891.0,44.2,44.2,42.25,42.6,-0.55,2016.0
3705,永信,221251.0,12415571.0,56.0,56.4,55.8,56.1,0.0,179.0
3706,神達,93892902.0,8197569651.0,88.0,89.2,85.8,86.0,-1.0,49679.0
3708,上緯投控,438990.0,42493209.0,98.2,98.2,96.4,96.5,-1.1,475.0
3711,日月光投控,6697941.0,1069148052.0,160.0,161.0,158.5,160.0,0.5,6848.0
3712,永崴投控,5073853.0,337297566.0,68.5,68.7,65.2,65.6,-2.4,3590.0
3714,富采,2143560.0,98314323.0,46.8,46.8,45.3,45.35,-1.45,3331.0
3715,定穎投控,14116449.0,933372920.0,64.6,67.4,64.4,66.0,3.3,9950.0
4104,佳醫,142315.0,12460628.0,87.1,88.0,87.1,87.6,0.7,278.0
4119,旭富,520827.0,49269100.0,97.2,97.2,93.3,93.4,-3.6,3299.0
4137,麗豐-KY,261281.0,29720340.0,116.0,116.5,112.5,112.5,-3.5,442.0
4142,國光生,442110.0,9527390.0,21.65,21.75,21.4,21.65,0.0,327.0
4164,承業醫,159462.0,6521793.0,41.45,41.45,40.75,40.75,-0.7,271.0
4306,炎洲,910216.0,16389683.0,18.1,18.1,17.95,17.95,-0.15,500.0
4438,廣越,30012.0,3002019.0,99.7,100.5,99.7,99.9,0.4,33.0
4526,東台,2707457.0,83595742.0,31.55,31.55,30.6,30.6,-0.9,1970.0
4532,瑞智,723963.0,18924522.0,26.25,26.3,26.05,26.05,-0.3,440.0
4536,拓凱,264181.0,52345076.0,201.5,201.5,196.0,197.0,-5.0,358.0
4551,智伸科,621387.0,71368997.0,118.0,118.5,113.5,114.5,-2.5,534.0
4566,時碩工業,589268.0,44505945.0,75.7,76.7,74.8,75.2,-0.3,587.0
4571,鈞興-KY,2770770.0,500765983.0,176.5,186.0,176.0,178.5,7.0,2667.0
4576,大銀微系統,1445516.0,168857451.0,118.5,119.5,114.5,116.0,-3.5,1272.0
4583,台灣精銳,351591.0,231319716.0,670.0,673.0,650.0,654.0,-16.0,983.0
4736,泰博,68680.0,10202295.0,148.0,149.5,148.0,148.5,0.5,113.0
4739,康普,564906.0,34991688.0,61.5,63.0,60.6,63.0,1.1,898.0
4746,台耀,957644.0,72517470.0,76.7,76.7,75.2,75.6,-0.9,1077.0
4755,三福化,972027.0,137895757.0,144.0,145.0,139.5,142.5,1.5,2432.0
4763,材料-KY,4693196.0,4527960186.0,958.0,979.0,949.0,968.0,43.0,11368.0
4766,南寶,315783.0,104178959.0,334.5,335.0,326.0,327.0,-6.0,2213.0
4770,上品,140049.0,45542848.0,322.5,328.0,320.0,325.5,3.0,233.0
4771,望隼,161140.0,28156849.0,179.5,179.5,172.0,172.0,-7.5,263.0
4904,遠傳,2223515.0,199817992.0,89.5,90.0,89.2,90.0,0.6,2186.0
4906,正文,2306864.0,82569683.0,36.3,36.5,35.5,35.6,-0.7,1715.0
4912,聯德控股-KY,2848557.0,380592600.0,132.0,139.5,125.0,126.0,0.0,2122.0
4915,致伸,721685.0,57194688.0,79.1,79.5,78.7,79.4,0.5,871.0
4919,新唐,7851044.0,768701424.0,99.9,101.0,95.7,95.9,-3.1,6141.0
4927,泰鼎-KY,1638386.0,63491087.0,38.9,39.6,38.2,38.2,-0.7,1094.0
4935,茂林-KY,99618.0,6315371.0,63.6,64.0,63.0,63.3,0.2,101.0
4938,和碩,7819682.0,754221634.0,94.7,97.5,94.3,97.3,3.2,4184.0
4942,嘉彰,123443.0,5093875.0,41.3,41.7,41.1,41.15,-0.4,87.0
4952,凌通,473602.0,25313857.0,54.5,54.5,53.0,53.6,-0.8,477.0
4958,臻鼎-KY,3253724.0,377542494.0,117.0,117.5,115.5,115.5,-1.0,2086.0
4960,誠美材,821358.0,10621406.0,13.0,13.0,12.85,12.95,0.0,305.0
4961,天鈺,467901.0,112693825.0,243.5,243.5,239.5,240.5,-1.0,1096.0
4967,十銓,855349.0,74829183.0,88.5,88.7,86.9,87.0,-1.5,897.0
4968,立積,10333839.0,2228563696.0,212.5,223.5,205.0,214.5,5.5,9307.0
4976,佳凌,194600.0,7221568.0,37.7,37.7,36.8,36.9,-0.7,203.0
4977,眾達-KY,36444599.0,5419333011.0,151.5,156.5,143.0,144.5,0.5,23741.0
4994,傳奇,15297.0,1665800.0,109.5,109.5,108.0,109.0,0.0,71.0
5007,三星,60103.0,3291525.0,54.8,54.9,54.6,54.9,0.1,19.0
5203,訊連,435008.0,38201688.0,88.4,90.0,86.7,87.4,1.4,416.0
5222,全訊,313551.0,39230774.0,126.5,126.5,124.0,124.5,-1.5,551.0
5225,東科-KY,648995.0,79119343.0,121.5,123.0,121.0,122.0,-0.5,640.0
5234,達興材料,666302.0,140175362.0,212.0,213.0,207.0,211.0,0.5,1331.0
5243,乙盛-KY,1497174.0,102692626.0,69.6,69.6,68.0,68.5,-0.2,1191.0
5258,虹堡,299542.0,26681359.0,90.1,90.1,88.5,89.1,-1.0,360.0
5269,祥碩,1080073.0,2002988085.0,1885.0,1885.0,1805.0,1885.0,5.0,2260.0
5283,禾聯碩,471712.0,49255628.0,104.5,104.5,103.5,104.5,-0.5,124.0
5285,界霖,179504.0,9270125.0,52.5,52.5,51.1,51.7,-1.1,223.0
5288,豐祥-KY,147061.0,29370212.0,198.0,203.5,197.5,199.5,7.0,141.0
5306,桂盟,350460.0,43276325.0,125.5,125.5,122.0,123.0,-2.0,451.0
5388,中磊,2052865.0,234262120.0,114.5,116.0,112.5,114.5,1.5,1612.0
5434,崇越,255605.0,77379069.0,302.0,305.0,301.0,303.5,2.0,451.0
5469,瀚宇博,616947.0,32240821.0,52.8,52.8,52.0,52.0,-0.3,615.0
5471,松翰,254561.0,10899287.0,43.0,43.55,42.45,42.5,-0.25,314.0
5519,隆大,532493.0,19387569.0,37.0,37.0,35.95,36.6,-0.2,410.0
5522,遠雄,3496380.0,241358388.0,69.1,70.5,66.3,70.5,1.7,4026.0
5525,順天,31996.0,1099708.0,34.55,34.55,34.2,34.4,-0.35,37.0
5531,鄉林,1879685.0,21753326.0,11.45,11.85,11.3,11.3,-0.05,861.0
5533,皇鼎,62204.0,1317678.0,21.2,21.2,21.15,21.2,-0.1,58.0
5534,長虹,1253449.0,111772918.0,91.1,91.1,88.3,88.3,-1.7,1047.0
5607,遠雄港,1354125.0,64578345.0,47.0,48.25,46.65,47.55,0.55,1436.0
5608,四維航,2157314.0,38842830.0,17.7,18.15,17.7,18.0,0.35,1184.0
5871,中租-KY,7026485.0,851133657.0,123.0,124.0,120.5,121.0,-2.0,8057.0
5871A,中租-KY甲特,88284.0,8621417.0,97.6,97.8,97.6,97.7,0.1,69.0
5876,上海商銀,18279016.0,737628108.0,40.0,40.8,40.0,40.15,0.25,7453.0
5880,合庫金,6804580.0,172195552.0,25.35,25.35,25.25,25.3,-0.05,3529.0
6005,群益證,3251664.0,76861861.0,23.7,23.75,23.5,23.7,0.2,1622.0
6024,群益期,292235.0,17579013.0,60.5,60.5,59.9,60.2,0.3,464.0
6112,邁達特,16469095.0,970559335.0,61.0,61.4,56.1,56.3,-3.6,12158.0
6115,鎰勝,81969.0,4296204.0,52.4,53.0,52.2,52.4,0.0,67.0
6116,彩晶,1826022.0,16265094.0,8.96,8.97,8.88,8.88,-0.07,898.0
6117,迎廣,949146.0,93507540.0,100.0,100.5,97.8,98.3,-1.4,890.0
6120,達運,980203.0,13370621.0,13.6,13.8,13.5,13.6,0.15,479.0
6139,亞翔,3616237.0,838581699.0,237.0,238.0,229.0,229.5,-6.0,22010.0
6153,嘉聯益,1449911.0,24174039.0,16.85,16.9,16.55,16.6,-0.2,874.0
6166,凌華,235732.0,17668940.0,76.0,76.6,74.0,74.5,-1.0,502.0
6176,瑞儀,1216010.0,233162484.0,192.0,193.5,190.5,192.0,2.5,1139.0
6177,達麗,1074246.0,46906755.0,44.55,44.55,43.35,43.35,-0.85,844.0
6183,關貿,31368.0,2615738.0,82.9,83.7,82.7,82.7,-0.2,94.0
6184,大豐電,12596.0,651684.0,51.7,51.8,51.7,51.8,0.1,26.0
6189,豐藝,341124.0,29319917.0,86.5,86.7,85.5,86.3,0.6,430.0
6191,精成科,1979828.0,108067572.0,55.1,55.1,54.3,54.4,-0.7,1364.0
6192,巨路,134917.0,14465916.0,108.0,108.0,106.5,107.0,-1.0,144.0
6196,帆宣,132162.0,19844482.0,151.5,151.5,149.5,150.0,0.0,201.0
6197,佳必琪,927291.0,142475549.0,155.5,156.5,152.0,152.5,-3.0,1079.0
6202,盛群,676761.0,33727832.0,50.4,50.7,49.1,49.1,-1.5,796.0
6206,飛捷,123663.0,10370052.0,84.5,84.5,83.4,84.0,-0.3,260.0
6213,聯茂,2170494.0,168707304.0,78.3,78.6,77.0,77.7,0.1,1592.0
6214,精誠,11445696.0,1790699950.0,159.5,165.0,152.0,164.0,7.0,7582.0
6230,尼得科超眾,27653.0,5920123.0,217.5,217.5,212.0,212.5,-0.5,101.0
6235,華孚,1083028.0,76228013.0,71.4,71.7,69.8,69.8,-0.8,1180.0
6239,力成,2773845.0,333579831.0,122.0,122.0,119.0,120.5,-1.0,2575.0
6257,矽格,2012601.0,141996840.0,71.2,71.2,70.1,70.3,-0.2,1375.0
6269,台郡,2169442.0,141049590.0,65.8,65.8,64.8,65.0,-0.8,1594.0
6271,同欣電,1104064.0,144360894.0,132.0,132.0,129.5,131.0,-1.0,1160.0
6277,宏正,61193.0,4772057.0,78.8,78.8,77.8,77.9,-0.2,104.0
6278,台表科,1129069.0,118343645.0,105.0,105.5,103.0,105.5,0.5,750.0
6281,全國電,35597.0,2954789.0,83.1,83.3,82.9,82.9,-0.1,64.0
6282,康舒,3141878.0,102905320.0,33.55,33.55,32.4,32.5,-0.75,2321.0
6285,啟碁,1268554.0,151609334.0,121.0,121.0,118.5,119.5,-0.5,1182.0
6288,聯嘉,3683981.0,106638733.0,29.7,29.85,28.5,28.6,-0.85,2182.0
6409,旭隼,142865.0,272908195.0,1850.0,1945.0,1850.0,1930.0,45.0,522.0
6412,群電,805450.0,102558623.0,129.5,130.5,126.0,126.0,-3.0,3598.0
6414,樺漢,594163.0,181849866.0,307.5,310.5,304.5,305.0,-3.5,5646.0
6415,矽力*-KY,2206611.0,909726723.0,423.0,423.0,409.0,411.5,-6.0,2476.0
6416,瑞祺電通,1571760.0,176346386.0,112.5,114.0,111.0,112.0,-3.0,1286.0
6438,迅得,1410942.0,273351067.0,196.5,198.0,191.0,191.5,-4.5,2248.0
6442,光聖,7429586.0,4016239519.0,510.0,556.0,505.0,556.0,50.0,7019.0
6443,元晶,7834373.0,161643316.0,21.4,21.4,20.2,20.2,-0.5,3606.0
6446,藥華藥,772912.0,453941832.0,592.0,596.0,582.0,582.0,-10.0,1634.0
6449,鈺邦,472454.0,70709334.0,154.0,154.0,148.0,148.0,-2.0,604.0
6451,訊芯-KY,25877825.0,6706892874.0,246.5,271.0,241.0,271.0,24.5,22584.0
6456,GIS-KY,447357.0,22444396.0,50.9,50.9,49.75,49.9,-1.0,368.0
6464,台數科,4073.0,327327.0,80.5,80.5,80.3,80.3,-0.2,9.0
6472,保瑞,2854768.0,2235606797.0,794.0,794.0,775.0,779.0,-44.0,7562.0
6491,晶碩,490332.0,173588504.0,363.0,363.0,350.0,352.0,-11.5,1542.0
6505,台塑化,11358342.0,447304418.0,40.15,40.2,39.05,39.1,-0.6,6010.0
6515,穎崴,1353857.0,1516309020.0,1160.0,1160.0,1095.0,1115.0,-80.0,3617.0
6525,捷敏-KY,193507.0,13266674.0,70.1,70.1,68.0,68.3,-1.3,365.0
6526,達發,479806.0,325428050.0,678.0,685.0,670.0,685.0,10.0,1148.0
6531,愛普*,1183469.0,373600047.0,315.0,318.5,312.0,317.5,0.0,3129.0
6533,晶心科,1219243.0,487692638.0,384.5,405.0,384.5,403.0,19.0,1793.0
6534,正瀚-創,60339.0,4945898.0,82.0,82.4,81.7,82.4,0.7,28.0
6541,泰福-KY,301223.0,20498375.0,69.0,69.0,67.5,68.0,-1.5,307.0
6550,北極星藥業-KY,315764.0,15866023.0,50.7,50.7,50.1,50.2,-0.5,303.0
6579,研揚,41491.0,5219564.0,127.5,127.5,125.0,125.0,-1.5,87.0
6581,鋼聯,44083.0,5219485.0,120.0,120.0,117.5,118.0,0.0,64.0
6582,申豐,398556.0,25820842.0,61.7,66.1,61.7,64.0,2.4,465.0
6585,鼎基,1166911.0,163061778.0,147.0,147.0,136.5,136.5,-8.5,1044.0
6592,和潤企業,1091724.0,89338293.0,83.2,84.3,81.2,81.3,-2.2,1746.0
6605,帝寶,176706.0,42020141.0,242.5,242.5,236.0,237.0,-3.0,638.0
6655,科定,300.0,37800.0,0.0,0.0,0.0,0.0,0.0,4.0
6669,緯穎,5032088.0,12566698395.0,2500.0,2545.0,2455.0,2485.0,75.0,10529.0
6670,復盛應用,813424.0,261392969.0,321.0,332.0,312.5,313.5,4.0,3244.0
6689,伊雲谷,5701237.0,638466714.0,114.0,115.5,109.0,110.0,-2.0,4521.0
6691,洋基工程,2170620.0,782392762.0,346.5,368.5,342.0,368.5,33.5,3099.0
6695,芯鼎,20229930.0,1378793956.0,68.5,70.2,67.0,67.5,3.5,13621.0
6706,惠特,3521035.0,582938654.0,170.0,170.5,163.0,163.5,-1.5,2830.0
6715,嘉基,709909.0,125293947.0,179.0,180.5,174.0,175.5,-6.5,843.0
6719,力智,432901.0,101887398.0,238.0,242.0,232.5,233.0,-4.0,527.0
6743,安普新,223449.0,10464195.0,47.25,47.9,46.35,46.35,-0.8,205.0
6753,龍德造船,190786.0,19700589.0,103.5,104.0,102.0,103.5,0.0,284.0
6756,威鋒電子,347804.0,46640560.0,135.0,140.0,131.0,131.0,-5.5,523.0
6757,台灣虎航,12305192.0,1005714698.0,79.9,84.6,79.2,81.3,1.7,7720.0
6768,志強-KY,737343.0,103750280.0,141.5,143.0,139.0,139.0,-2.5,683.0
6770,力積電,10825445.0,181022722.0,16.85,17.0,16.5,16.65,-0.15,4255.0
6781,AES-KY,569669.0,549019472.0,999.0,999.0,950.0,992.0,-28.0,1168.0
6782,視陽,498266.0,95379552.0,195.0,196.5,189.0,190.5,-7.0,804.0
6789,采鈺,403334.0,109753139.0,273.5,277.5,269.0,270.5,-2.5,555.0
6790,永豐實,67917.0,3104786.0,45.2,46.2,45.2,45.4,0.0,75.0
6805,富世達,1789389.0,1814494629.0,1030.0,1030.0,999.0,1020.0,-25.0,2380.0
6806,森崴能源,984342.0,122136397.0,126.0,126.5,123.0,123.5,-2.5,2575.0
6830,汎銓,625746.0,105514276.0,170.5,171.5,166.5,166.5,-4.0,619.0
6854,錼創科技-KY創,1847132.0,293891789.0,161.5,163.5,151.5,157.5,8.5,775.0
6863,永道-KY,747685.0,171715348.0,228.0,240.5,220.5,234.0,6.0,904.0
6869,雲豹能源,1470409.0,269144301.0,180.5,187.0,178.5,181.0,2.0,1532.0
6873,泓德能源,2641079.0,599084836.0,225.5,231.5,220.5,226.5,-0.5,8976.0
6890,來億-KY,954141.0,375307898.0,398.0,402.5,386.5,388.5,-7.0,1279.0
6901,鑽石投資,1032537.0,37577806.0,37.0,37.0,36.0,36.0,-1.8,779.0
6914,阜爾運通,30013.0,3622786.0,121.5,122.0,120.0,120.5,-0.5,212.0
6928,攸泰科技,66898.0,3844550.0,58.1,58.1,57.1,57.2,-0.9,464.0
6933,AMAX-KY,117979.0,28679688.0,245.0,246.5,239.5,243.0,-2.0,204.0
6937,天虹,9444572.0,3764870058.0,394.0,414.0,378.0,407.0,30.5,8813.0
6949,沛爾生醫-創,4000.0,342500.0,85.6,85.8,85.5,85.6,-1.9,4.0
6957,裕慶-KY,54071.0,10816256.0,202.0,202.5,198.0,198.0,-4.0,56.0
8016,矽創,548313.0,114953725.0,211.5,211.5,207.5,210.0,1.0,749.0
8028,昇陽半導體,5408553.0,717276819.0,135.0,135.0,131.0,132.5,-1.5,4110.0
8033,雷虎,1166001.0,66654583.0,58.3,58.3,56.6,57.0,-1.1,1050.0
8039,台虹,1066271.0,50885068.0,48.2,48.3,47.2,47.2,-0.8,874.0
8046,南電,1594628.0,179602347.0,115.0,115.5,111.5,112.0,-2.0,1949.0
8070,長華*,3015348.0,153463966.0,51.7,51.7,50.2,51.2,-0.3,2070.0
8081,致新,708646.0,169154883.0,242.0,242.0,237.0,237.5,-2.5,1033.0
8105,凌巨,1269321.0,20301246.0,16.2,16.2,15.9,15.9,-0.3,606.0
8110,華東,585319.0,9045704.0,15.7,15.7,15.35,15.5,-0.05,288.0
8112,至上,2305607.0,153336873.0,66.6,66.9,66.0,66.6,0.2,2197.0
8114,振樺電,1820372.0,617362421.0,342.5,357.0,329.0,332.5,-2.5,1927.0
8131,福懋科,563401.0,17294912.0,30.55,31.1,30.3,31.0,0.15,418.0
8150,南茂,2156561.0,68170089.0,32.15,32.15,31.4,31.4,-0.75,1631.0
8163,達方,1419219.0,65923353.0,47.1,47.1,46.1,46.2,-0.9,1528.0
8210,勤誠,4442556.0,1292085181.0,304.5,304.5,285.0,287.5,-24.0,27621.0
8213,志超,334787.0,12535744.0,37.6,37.8,37.2,37.6,0.0,304.0
8215,明基材,649218.0,21597038.0,33.7,33.7,33.0,33.0,-0.95,534.0
8261,富鼎,9055952.0,882689869.0,98.8,101.0,95.3,95.3,-2.2,7609.0
8271,宇瞻,142966.0,6994389.0,49.25,49.25,48.8,48.8,-0.15,209.0
8341,日友,98212.0,8967723.0,90.6,91.8,90.6,90.7,0.2,190.0
8374,羅昇,611091.0,78933521.0,131.0,131.0,128.0,129.5,-1.5,782.0
8404,百和興業-KY,2297519.0,68981040.0,30.95,30.95,29.6,30.15,-0.75,1503.0
8422,可寧衛,170808.0,31029377.0,181.5,182.5,181.0,181.0,0.0,231.0
8442,威宏-KY,46200.0,4792300.0,104.0,104.0,103.0,104.0,-0.5,30.0
8454,富邦媒,427104.0,150920830.0,360.0,360.0,351.5,352.5,-6.5,2356.0
8462,柏文,114384.0,13356418.0,113.5,118.5,113.0,117.5,4.0,161.0
8464,億豐,1021452.0,400611371.0,403.5,403.5,387.0,394.0,-6.5,1410.0
8467,波力-KY,748258.0,233415346.0,311.0,322.0,304.5,304.5,-6.5,1945.0
8473,山林水,135985.0,4933263.0,36.3,36.6,36.05,36.4,0.15,108.0
8478,東哥遊艇,85302.0,20579092.0,242.0,242.5,239.0,241.5,-1.5,182.0
8482,商億-KY,2000.0,129800.0,64.9,64.9,64.9,64.9,0.0,2.0
8926,台汽電,386622.0,16369077.0,42.5,42.55,42.2,42.4,-0.05,394.0
8996,高力,2220984.0,748204805.0,338.0,345.0,331.0,340.5,-2.5,2636.0
9802,鈺齊-KY,1115758.0,121709241.0,106.5,111.0,106.5,108.5,2.5,1007.0
9904,寶成,11982213.0,525422311.0,43.8,44.4,43.3,43.9,0.2,6627.0
9905,大華,76063.0,1743927.0,22.9,23.0,22.9,22.9,-0.05,58.0
9906,欣巴巴,362521.0,46430379.0,131.5,131.5,126.0,126.5,-5.0,430.0
9907,統一實,916554.0,14474799.0,15.7,15.9,15.65,15.85,0.1,436.0
9908,大台北,55956.0,1690722.0,30.2,30.25,30.2,30.2,-0.05,94.0
9910,豐泰,457001.0,61915989.0,135.5,136.5,134.0,136.0,0.5,586.0
9911,櫻花,405817.0,34574573.0,84.8,85.8,84.7,85.4,-1.1,531.0
9914,美利達,428013.0,68424404.0,161.5,161.5,159.0,160.0,-0.5,529.0
9917,中保科,598022.0,78149015.0,131.0,132.0,128.5,132.0,1.5,670.0
9918,欣天然,338.0,13665.0,0.0,0.0,0.0,0.0,0.0,9.0
9921,巨大,2203100.0,323915884.0,150.0,150.0,146.0,146.0,-3.0,2960.0
9924,福興,147079.0,7927181.0,53.4,54.2,53.4,54.0,0.3,145.0
9925,新保,51137.0,2107648.0,41.15,41.3,41.1,41.25,0.1,62.0
9926,新海,57.0,3020.0,0.0,0.0,0.0,0.0,0.0,2.0
9927,泰銘,248897.0,16465288.0,66.6,66.6,65.6,65.7,-0.9,502.0
9930,中聯資源,84986.0,5687837.0,66.5,67.5,66.5,66.8,0.3,87.0
9933,中鼎,1996017.0,80763403.0,40.55,40.75,40.35,40.4,0.0,1657.0
9934,成霖,712719.0,10349429.0,14.5,14.6,14.45,14.55,0.1,258.0
9937,全國,2103.0,136096.0,64.7,64.7,64.7,64.7,-0.1,16.0
9938,百和,1522200.0,123787088.0,83.0,83.0,80.6,81.1,-0.9,1355.0
9939,宏全,1264157.0,184731360.0,149.0,149.0,145.0,145.5,-3.5,2031.0
9940,信義,111990.0,3315043.0,29.5,29.7,29.5,29.6,0.1,112.0
9941,裕融,3037018.0,339192147.0,116.5,116.5,110.5,111.0,-5.0,4901.0
9942,茂順,201268.0,22819037.0,115.0,115.0,112.5,113.0,-3.0,199.0
9943,好樂迪,18832.0,1492779.0,79.8,79.8,79.1,79.3,-0.1,55.0
9945,潤泰新,2688107.0,123360181.0,46.2,46.25,45.65,46.0,-0.2,2352.0
9946,三發地產,188645.0,4698527.0,25.05,25.3,24.75,24.75,-0.4,226.0
9958,世紀鋼,1631834.0,294123102.0,180.0,183.5,176.5,181.0,2.0,1569.0
